LATITUDE,LONGITUDE,ALTITUTE(km),SPEED(km/s),AZIMUTH,AZIMUTH(CATEGORY),ELEVATION,RIGHT_ASCENSION(h),RIGHT_ASCENSION(m),RIGHT_ASCENSION(s),DECLINATION(Â°),DECLINATION(;),DECLINATION(;;),Local_Sideral_Time(h),Local_Sideral_Time(m),Local_Sideral_Time(s)
-66.19,20.11,796.08,7.45,172.9,S,-54.3,14.0,6.0,35.0,-81.0,33.0,0.0,3.0,54.0,31.0
-66.74,19.52,796.28,7.45,173.3,S,-54.5,14.0,14.0,39.0,-81.0,26.0,3.0,3.0,54.0,41.0
-67.29,18.9,796.47,7.45,173.7,S,-54.8,14.0,22.0,30.0,-81.0,18.0,22.0,3.0,54.0,51.0
-67.84,18.26,796.66,7.45,174.1,S,-55.1,14.0,30.0,7.0,-81.0,9.0,58.0,3.0,55.0,1.0
-68.38,17.59,796.84,7.45,174.5,S,-55.3,14.0,37.0,30.0,-81.0,0.0,53.0,3.0,55.0,11.0
-68.93,16.89,797.03,7.45,174.8,S,-55.6,14.0,44.0,38.0,-80.0,51.0,9.0,3.0,55.0,21.0
-69.47,16.15,797.21,7.45,175.2,S,-55.9,14.0,51.0,30.0,-80.0,40.0,49.0,3.0,55.0,31.0
-70.01,15.38,797.39,7.45,175.6,S,-56.1,14.0,58.0,8.0,-80.0,29.0,53.0,3.0,55.0,41.0
-70.54,14.57,797.56,7.45,176.0,S,-56.4,15.0,4.0,31.0,-80.0,18.0,26.0,3.0,55.0,51.0
-71.07,13.72,797.73,7.45,176.4,S,-56.7,15.0,10.0,39.0,-80.0,6.0,27.0,3.0,56.0,1.0
-71.6,12.83,797.9,7.45,176.8,S,-56.9,15.0,16.0,32.0,-79.0,53.0,59.0,3.0,56.0,11.0
-72.12,11.88,798.06,7.45,177.2,S,-57.2,15.0,22.0,11.0,-79.0,41.0,4.0,3.0,56.0,21.0
-72.64,10.89,798.22,7.45,177.6,S,-57.4,15.0,27.0,36.0,-79.0,27.0,43.0,3.0,56.0,31.0
-73.16,9.83,798.38,7.45,178.0,S,-57.7,15.0,32.0,47.0,-79.0,13.0,59.0,3.0,56.0,41.0
-73.66,8.72,798.54,7.45,178.4,S,-58.0,15.0,37.0,45.0,-78.0,59.0,51.0,3.0,56.0,51.0
-74.17,7.54,798.69,7.45,178.9,S,-58.2,15.0,42.0,31.0,-78.0,45.0,23.0,3.0,57.0,1.0
-74.66,6.29,798.83,7.45,179.3,S,-58.5,15.0,47.0,4.0,-78.0,30.0,35.0,3.0,57.0,11.0
-75.2,4.82,798.99,7.45,179.7,S,-58.8,15.0,51.0,52.0,-78.0,13.0,57.0,3.0,57.0,22.0
-75.68,3.39,799.13,7.45,180.2,S,-59.0,15.0,56.0,1.0,-77.0,58.0,31.0,3.0,57.0,33.0
-76.16,1.87,799.27,7.45,180.6,S,-59.3,16.0,0.0,0.0,-77.0,42.0,50.0,3.0,57.0,43.0
-76.62,0.25,799.4,7.45,181.0,S,-59.6,16.0,3.0,48.0,-77.0,26.0,53.0,3.0,57.0,53.0
-77.07,-1.48,799.53,7.45,181.5,S,-59.8,16.0,7.0,27.0,-77.0,10.0,42.0,3.0,58.0,3.0
-77.51,-3.33,799.65,7.45,181.9,S,-60.1,16.0,10.0,56.0,-76.0,54.0,18.0,3.0,58.0,13.0
-77.94,-5.3,799.77,7.45,182.3,S,-60.3,16.0,14.0,17.0,-76.0,37.0,42.0,3.0,58.0,23.0
-78.36,-7.42,799.89,7.45,182.8,S,-60.6,16.0,17.0,29.0,-76.0,20.0,55.0,3.0,58.0,33.0
-78.75,-9.68,800.0,7.45,183.2,S,-60.8,16.0,20.0,33.0,-76.0,3.0,56.0,3.0,58.0,43.0
-79.13,-12.09,800.11,7.45,183.7,S,-61.1,16.0,23.0,29.0,-75.0,46.0,48.0,3.0,58.0,53.0
-79.49,-14.68,800.21,7.45,184.2,S,-61.4,16.0,26.0,18.0,-75.0,29.0,30.0,3.0,59.0,3.0
-79.83,-17.43,800.31,7.45,184.6,S,-61.6,16.0,29.0,0.0,-75.0,12.0,3.0,3.0,59.0,13.0
-80.12,-20.07,800.4,7.45,185.1,S,-61.8,16.0,31.0,20.0,-74.0,56.0,13.0,3.0,59.0,22.0
-80.47,-23.81,800.51,7.45,185.6,S,-62.1,16.0,34.0,19.0,-74.0,34.0,58.0,3.0,59.0,34.0
-80.72,-27.12,800.6,7.45,186.1,S,-62.4,16.0,36.0,41.0,-74.0,17.0,7.0,3.0,59.0,44.0
-80.95,-30.61,800.69,7.45,186.6,S,-62.6,16.0,38.0,58.0,-73.0,59.0,9.0,3.0,59.0,54.0
-81.14,-34.26,800.77,7.45,187.1,S,-62.9,16.0,41.0,9.0,-73.0,41.0,5.0,4.0,0.0,4.0
-81.3,-38.05,800.84,7.45,187.6,S,-63.1,16.0,43.0,15.0,-73.0,22.0,55.0,4.0,0.0,14.0
-81.42,-41.96,800.92,7.45,188.1,S,-63.4,16.0,45.0,16.0,-73.0,4.0,39.0,4.0,0.0,24.0
-81.5,-45.96,800.98,7.45,188.6,S,-63.6,16.0,47.0,12.0,-72.0,46.0,18.0,4.0,0.0,34.0
-81.53,-50.01,801.05,7.45,189.1,S,-63.9,16.0,49.0,4.0,-72.0,27.0,52.0,4.0,0.0,44.0
-81.53,-54.08,801.11,7.45,189.6,S,-64.1,16.0,50.0,52.0,-72.0,9.0,21.0,4.0,0.0,54.0
-81.5,-56.92,801.15,7.45,190.0,S,-64.3,16.0,52.0,5.0,-71.0,56.0,21.0,4.0,1.0,4.0
-81.44,-60.54,801.19,7.45,190.5,S,-64.5,16.0,53.0,36.0,-71.0,39.0,35.0,4.0,1.0,14.0
-81.33,-64.47,801.24,7.45,191.0,S,-64.7,16.0,55.0,13.0,-71.0,20.0,54.0,4.0,1.0,24.0
-81.19,-68.3,801.29,7.45,191.6,S,-65.0,16.0,56.0,47.0,-71.0,2.0,8.0,4.0,1.0,34.0
-81.0,-71.98,801.33,7.45,192.1,S,-65.2,16.0,58.0,17.0,-70.0,43.0,19.0,4.0,1.0,44.0
-80.78,-75.51,801.37,7.45,192.7,S,-65.5,16.0,59.0,44.0,-70.0,24.0,27.0,4.0,1.0,54.0
-80.54,-78.87,801.4,7.45,193.3,S,-65.7,17.0,1.0,8.0,-70.0,5.0,32.0,4.0,2.0,4.0
-80.23,-82.36,801.43,7.45,193.9,S,-66.0,17.0,2.0,36.0,-69.0,44.0,40.0,4.0,2.0,15.0
-79.92,-85.34,801.45,7.45,194.5,S,-66.2,17.0,3.0,54.0,-69.0,25.0,38.0,4.0,2.0,25.0
-79.58,-88.14,801.47,7.45,195.1,SSW,-66.4,17.0,5.0,9.0,-69.0,6.0,34.0,4.0,2.0,35.0
-79.23,-90.77,801.49,7.45,195.7,SSW,-66.7,17.0,6.0,21.0,-68.0,47.0,28.0,4.0,2.0,45.0
-78.85,-93.23,801.5,7.45,196.3,SSW,-66.9,17.0,7.0,31.0,-68.0,28.0,19.0,4.0,2.0,55.0
-78.46,-95.53,801.51,7.45,196.9,SSW,-67.1,17.0,8.0,38.0,-68.0,9.0,9.0,4.0,3.0,5.0
-78.05,-97.68,801.51,7.45,197.5,SSW,-67.3,17.0,9.0,43.0,-67.0,49.0,56.0,4.0,3.0,15.0
-77.63,-99.69,801.51,7.45,198.2,SSW,-67.6,17.0,10.0,45.0,-67.0,30.0,41.0,4.0,3.0,25.0
-77.19,-101.57,801.5,7.45,198.8,SSW,-67.8,17.0,11.0,46.0,-67.0,11.0,24.0,4.0,3.0,36.0
-76.74,-103.33,801.5,7.45,199.5,SSW,-68.0,17.0,12.0,44.0,-66.0,52.0,6.0,4.0,3.0,46.0
-76.28,-104.97,801.48,7.45,200.1,SSW,-68.2,17.0,13.0,40.0,-66.0,32.0,46.0,4.0,3.0,56.0
-75.81,-106.52,801.47,7.45,200.8,SSW,-68.5,17.0,14.0,35.0,-66.0,13.0,24.0,4.0,4.0,6.0
-75.33,-107.96,801.45,7.45,201.5,SSW,-68.7,17.0,15.0,28.0,-65.0,54.0,1.0,4.0,4.0,16.0
-74.84,-109.32,801.42,7.45,202.2,SSW,-68.9,17.0,16.0,19.0,-65.0,34.0,37.0,4.0,4.0,26.0
-74.15,-111.1,801.38,7.45,203.2,SSW,-69.2,17.0,17.0,27.0,-65.0,7.0,25.0,4.0,4.0,37.0
-73.8,-111.93,801.36,7.45,203.7,SSW,-69.3,17.0,18.0,0.0,-64.0,53.0,48.0,4.0,4.0,46.0
-73.7,-112.16,801.35,7.45,203.9,SSW,-69.4,17.0,18.0,9.0,-64.0,49.0,54.0,4.0,4.0,50.0
-73.6,-112.39,801.34,7.45,204.0,SSW,-69.4,17.0,18.0,19.0,-64.0,46.0,1.0,4.0,5.0,7.0
-73.5,-112.61,801.34,7.45,204.1,SSW,-69.5,17.0,18.0,28.0,-64.0,42.0,7.0,4.0,5.0,17.0
-72.99,-113.71,801.3,7.45,204.9,SSW,-69.7,17.0,19.0,13.0,-64.0,22.0,38.0,4.0,5.0,27.0
-72.47,-114.74,801.25,7.45,205.6,SSW,-69.9,17.0,19.0,56.0,-64.0,3.0,9.0,4.0,5.0,38.0
-71.95,-115.72,801.21,7.45,206.4,SSW,-70.1,17.0,20.0,38.0,-63.0,43.0,38.0,4.0,5.0,48.0
-71.43,-116.64,801.16,7.45,207.2,SSW,-70.3,17.0,21.0,19.0,-63.0,24.0,6.0,4.0,5.0,58.0
-70.9,-117.52,801.1,7.45,208.0,SSW,-70.5,17.0,21.0,58.0,-63.0,4.0,34.0,4.0,6.0,8.0
-70.37,-118.36,801.05,7.45,208.8,SSW,-70.7,17.0,22.0,36.0,-62.0,45.0,0.0,4.0,6.0,18.0
-69.83,-119.15,800.99,7.45,209.6,SSW,-70.9,17.0,23.0,13.0,-62.0,25.0,26.0,4.0,6.0,28.0
-69.29,-119.91,800.92,7.45,210.4,SW,-71.0,17.0,23.0,49.0,-62.0,5.0,52.0,4.0,6.0,38.0
-68.75,-120.64,800.85,7.45,211.2,SW,-71.2,17.0,24.0,23.0,-61.0,46.0,16.0,4.0,6.0,48.0
-68.21,-121.33,800.78,7.45,212.1,SW,-71.4,17.0,24.0,57.0,-61.0,26.0,40.0,4.0,6.0,58.0
-67.66,-121.99,800.71,7.45,213.0,SW,-71.6,17.0,25.0,29.0,-61.0,7.0,4.0,4.0,7.0,8.0
-67.11,-122.62,800.63,7.45,213.9,SW,-71.8,17.0,26.0,0.0,-60.0,47.0,26.0,4.0,7.0,18.0
-66.56,-123.23,800.55,7.45,214.8,SW,-72.0,17.0,26.0,30.0,-60.0,27.0,49.0,4.0,7.0,28.0
-66.01,-123.81,800.46,7.45,215.7,SW,-72.1,17.0,27.0,0.0,-60.0,8.0,11.0,4.0,7.0,38.0
-65.45,-124.37,800.37,7.45,216.6,SW,-72.3,17.0,27.0,28.0,-59.0,48.0,32.0,4.0,7.0,48.0
-64.9,-124.91,800.28,7.45,217.5,SW,-72.5,17.0,27.0,55.0,-59.0,28.0,53.0,4.0,7.0,58.0
-64.28,-125.47,800.18,7.45,218.6,SW,-72.6,17.0,28.0,24.0,-59.0,7.0,15.0,4.0,8.0,9.0
-63.72,-125.97,800.08,7.45,219.6,SW,-72.8,17.0,28.0,50.0,-58.0,47.0,36.0,4.0,8.0,19.0
-63.16,-126.45,799.98,7.45,220.5,SW,-73.0,17.0,29.0,15.0,-58.0,27.0,55.0,4.0,8.0,29.0
-62.6,-126.91,799.88,7.45,221.6,SW,-73.1,17.0,29.0,39.0,-58.0,8.0,15.0,4.0,8.0,39.0
-62.04,-127.36,799.77,7.45,222.6,SW,-73.3,17.0,30.0,2.0,-57.0,48.0,34.0,4.0,8.0,49.0
-61.47,-127.79,799.66,7.45,223.6,SW,-73.4,17.0,30.0,24.0,-57.0,28.0,53.0,4.0,8.0,59.0
-61.25,-127.96,799.62,7.45,224.0,SW,-73.5,17.0,30.0,33.0,-57.0,21.0,0.0,4.0,9.0,7.0
-61.13,-128.04,799.6,7.45,224.2,SW,-73.5,17.0,30.0,37.0,-57.0,17.0,4.0,4.0,9.0,19.0
-58.18,-130.05,798.98,7.45,229.9,SW,-74.1,17.0,32.0,20.0,-55.0,34.0,38.0,4.0,9.0,28.0
-57.55,-130.43,798.84,7.45,231.2,SW,-74.3,17.0,32.0,40.0,-55.0,12.0,58.0,4.0,9.0,40.0
-56.97,-130.77,798.71,7.45,232.3,SW,-74.4,17.0,32.0,57.0,-54.0,53.0,15.0,4.0,9.0,50.0
-56.4,-131.11,798.58,7.45,233.5,SW,-74.5,17.0,33.0,14.0,-54.0,33.0,32.0,4.0,10.0,1.0
-55.83,-131.43,798.44,7.45,234.6,SW,-74.6,17.0,33.0,30.0,-54.0,13.0,50.0,4.0,10.0,11.0
-55.25,-131.75,798.31,7.45,235.8,SW,-74.7,17.0,33.0,45.0,-53.0,54.0,7.0,4.0,10.0,21.0
-54.68,-132.05,798.17,7.45,237.0,SW,-74.8,17.0,34.0,0.0,-53.0,34.0,24.0,4.0,10.0,31.0
-54.1,-132.35,798.03,7.45,238.3,SW,-74.8,17.0,34.0,14.0,-53.0,14.0,41.0,4.0,10.0,41.0
-53.53,-132.65,797.89,7.45,239.5,SW,-74.9,17.0,34.0,28.0,-52.0,54.0,58.0,4.0,10.0,51.0
-52.95,-132.93,797.74,7.45,240.7,WSW,-75.0,17.0,34.0,41.0,-52.0,35.0,14.0,4.0,11.0,1.0
-52.49,-133.16,797.63,7.45,241.7,WSW,-75.0,17.0,34.0,52.0,-52.0,19.0,28.0,4.0,11.0,10.0
-51.91,-133.43,797.48,7.45,243.0,WSW,-75.1,17.0,35.0,4.0,-51.0,59.0,45.0,4.0,11.0,20.0
-51.33,-133.7,797.33,7.45,244.2,WSW,-75.2,17.0,35.0,16.0,-51.0,40.0,1.0,4.0,11.0,30.0
-50.75,-133.96,797.18,7.45,245.5,WSW,-75.2,17.0,35.0,28.0,-51.0,20.0,18.0,4.0,11.0,40.0
-50.17,-134.22,797.03,7.45,246.8,WSW,-75.2,17.0,35.0,39.0,-51.0,0.0,35.0,4.0,11.0,50.0
-49.53,-134.5,796.86,7.45,248.2,WSW,-75.3,17.0,35.0,51.0,-50.0,38.0,53.0,4.0,12.0,1.0
-48.95,-134.75,796.71,7.45,249.5,WSW,-75.3,17.0,36.0,1.0,-50.0,19.0,10.0,4.0,12.0,11.0
-48.37,-134.99,796.55,7.45,250.8,WSW,-75.3,17.0,36.0,10.0,-49.0,59.0,26.0,4.0,12.0,21.0
-47.79,-135.23,796.4,7.45,252.1,WSW,-75.4,17.0,36.0,20.0,-49.0,39.0,43.0,4.0,12.0,31.0
-47.21,-135.46,796.24,7.45,253.4,WSW,-75.4,17.0,36.0,29.0,-49.0,20.0,0.0,4.0,12.0,41.0
-46.63,-135.69,796.08,7.45,254.7,WSW,-75.4,17.0,36.0,37.0,-49.0,0.0,17.0,4.0,12.0,51.0
-46.05,-135.92,795.92,7.45,256.0,W,-75.4,17.0,36.0,46.0,-48.0,40.0,34.0,4.0,13.0,1.0
-45.46,-136.14,795.76,7.45,257.3,W,-75.4,17.0,36.0,53.0,-48.0,20.0,50.0,4.0,13.0,11.0
-44.88,-136.36,795.6,7.45,258.6,W,-75.4,17.0,37.0,1.0,-48.0,1.0,7.0,4.0,13.0,21.0
-44.3,-136.57,795.44,7.45,259.9,W,-75.3,17.0,37.0,8.0,-47.0,41.0,24.0,4.0,13.0,31.0
-43.71,-136.78,795.27,7.45,261.2,W,-75.3,17.0,37.0,15.0,-47.0,21.0,41.0,4.0,13.0,41.0
-43.13,-136.99,795.11,7.45,262.5,W,-75.3,17.0,37.0,21.0,-47.0,1.0,58.0,4.0,13.0,51.0
-42.54,-137.2,794.95,7.45,263.8,W,-75.3,17.0,37.0,27.0,-46.0,42.0,15.0,4.0,14.0,1.0
-41.96,-137.4,794.78,7.45,265.0,W,-75.2,17.0,37.0,33.0,-46.0,22.0,32.0,4.0,14.0,11.0
-41.38,-137.6,794.62,7.45,266.3,W,-75.2,17.0,37.0,38.0,-46.0,2.0,50.0,4.0,14.0,21.0
-40.67,-137.83,794.42,7.45,267.8,W,-75.1,17.0,37.0,45.0,-45.0,39.0,10.0,4.0,14.0,32.0
-40.09,-138.02,794.26,7.45,269.1,W,-75.0,17.0,37.0,49.0,-45.0,19.0,28.0,4.0,14.0,42.0
-39.5,-138.22,794.09,7.45,270.3,W,-75.0,17.0,37.0,54.0,-44.0,59.0,45.0,4.0,14.0,52.0
-38.92,-138.4,793.93,7.45,271.6,W,-74.9,17.0,37.0,58.0,-44.0,40.0,2.0,4.0,15.0,2.0
-38.27,-138.61,793.75,7.46,272.9,W,-74.8,17.0,38.0,2.0,-44.0,18.0,22.0,4.0,15.0,13.0
-37.68,-138.79,793.58,7.46,274.1,W,-74.7,17.0,38.0,6.0,-43.0,58.0,39.0,4.0,15.0,23.0
-37.1,-138.97,793.42,7.46,275.3,W,-74.6,17.0,38.0,9.0,-43.0,38.0,57.0,4.0,15.0,33.0
-36.51,-139.15,793.26,7.46,276.5,W,-74.5,17.0,38.0,12.0,-43.0,19.0,15.0,4.0,15.0,43.0
-35.92,-139.33,793.09,7.46,277.7,W,-74.4,17.0,38.0,15.0,-42.0,59.0,33.0,4.0,15.0,54.0
-35.34,-139.5,792.93,7.46,278.9,W,-74.3,17.0,38.0,17.0,-42.0,39.0,51.0,4.0,16.0,4.0
-34.75,-139.67,792.77,7.46,280.0,W,-74.2,17.0,38.0,19.0,-42.0,20.0,9.0,4.0,16.0,14.0
-34.16,-139.85,792.61,7.46,281.1,W,-74.1,17.0,38.0,21.0,-42.0,0.0,27.0,4.0,16.0,24.0
-33.57,-140.01,792.45,7.46,282.2,W,-74.0,17.0,38.0,23.0,-41.0,40.0,45.0,4.0,16.0,34.0
-32.98,-140.18,792.29,7.46,283.4,W,-73.9,17.0,38.0,24.0,-41.0,21.0,3.0,4.0,16.0,44.0
-32.4,-140.35,792.13,7.46,284.4,W,-73.7,17.0,38.0,26.0,-41.0,1.0,22.0,4.0,16.0,54.0
-31.81,-140.51,791.97,7.46,285.5,WNW,-73.6,17.0,38.0,27.0,-40.0,41.0,40.0,4.0,17.0,4.0
-31.22,-140.67,791.81,7.46,286.6,WNW,-73.5,17.0,38.0,27.0,-40.0,21.0,59.0,4.0,17.0,14.0
-30.63,-140.84,791.65,7.46,287.6,WNW,-73.3,17.0,38.0,28.0,-40.0,2.0,17.0,4.0,17.0,24.0
-30.04,-141.0,791.5,7.46,288.6,WNW,-73.2,17.0,38.0,28.0,-39.0,42.0,36.0,4.0,17.0,34.0
-29.39,-141.17,791.33,7.46,289.7,WNW,-73.0,17.0,38.0,28.0,-39.0,20.0,57.0,4.0,17.0,45.0
-28.8,-141.33,791.18,7.46,290.7,WNW,-72.9,17.0,38.0,28.0,-39.0,1.0,16.0,4.0,17.0,55.0
-28.21,-141.48,791.03,7.46,291.7,WNW,-72.7,17.0,38.0,27.0,-38.0,41.0,35.0,4.0,18.0,5.0
-27.62,-141.64,790.88,7.46,292.7,WNW,-72.5,17.0,38.0,27.0,-38.0,21.0,54.0,4.0,18.0,15.0
-27.03,-141.79,790.73,7.46,293.6,WNW,-72.4,17.0,38.0,26.0,-38.0,2.0,13.0,4.0,18.0,25.0
-26.44,-141.94,790.58,7.46,294.5,WNW,-72.2,17.0,38.0,25.0,-37.0,42.0,32.0,4.0,18.0,35.0
-25.85,-142.09,790.44,7.46,295.5,WNW,-72.0,17.0,38.0,23.0,-37.0,22.0,52.0,4.0,18.0,45.0
-25.26,-142.24,790.29,7.46,296.4,WNW,-71.8,17.0,38.0,22.0,-37.0,3.0,11.0,4.0,18.0,55.0
-24.67,-142.39,790.15,7.46,297.2,WNW,-71.7,17.0,38.0,20.0,-36.0,43.0,30.0,4.0,19.0,5.0
-24.08,-142.54,790.01,7.46,298.1,WNW,-71.5,17.0,38.0,18.0,-36.0,23.0,50.0,4.0,19.0,15.0
-23.49,-142.69,789.88,7.46,299.0,WNW,-71.3,17.0,38.0,16.0,-36.0,4.0,10.0,4.0,19.0,25.0
-22.84,-142.85,789.73,7.46,299.9,WNW,-71.1,17.0,38.0,13.0,-35.0,42.0,31.0,4.0,19.0,35.0
-22.25,-142.99,789.59,7.46,300.7,NW,-70.9,17.0,38.0,11.0,-35.0,22.0,51.0,4.0,19.0,45.0
-21.66,-143.14,789.46,7.46,301.5,NW,-70.7,17.0,38.0,8.0,-35.0,3.0,11.0,4.0,19.0,55.0
-21.07,-143.28,789.33,7.46,302.3,NW,-70.5,17.0,38.0,5.0,-34.0,43.0,31.0,4.0,20.0,5.0
-20.47,-143.42,789.21,7.46,303.1,NW,-70.3,17.0,38.0,2.0,-34.0,23.0,51.0,4.0,20.0,15.0
-19.88,-143.56,789.08,7.46,303.9,NW,-70.1,17.0,37.0,59.0,-34.0,4.0,11.0,4.0,20.0,25.0
-19.29,-143.7,788.96,7.46,304.6,NW,-69.9,17.0,37.0,55.0,-33.0,44.0,31.0,4.0,20.0,35.0
-18.7,-143.84,788.84,7.46,305.4,NW,-69.7,17.0,37.0,51.0,-33.0,24.0,52.0,4.0,20.0,45.0
-18.11,-143.98,788.72,7.46,306.1,NW,-69.5,17.0,37.0,48.0,-33.0,5.0,12.0,4.0,20.0,55.0
-17.52,-144.12,788.6,7.46,306.8,NW,-69.3,17.0,37.0,43.0,-32.0,45.0,32.0,4.0,21.0,5.0
-16.92,-144.26,788.49,7.46,307.5,NW,-69.0,17.0,37.0,39.0,-32.0,25.0,53.0,4.0,21.0,15.0
-16.27,-144.41,788.37,7.46,308.3,NW,-68.8,17.0,37.0,34.0,-32.0,4.0,15.0,4.0,21.0,26.0
-15.68,-144.55,788.26,7.46,309.0,NW,-68.6,17.0,37.0,30.0,-31.0,44.0,36.0,4.0,21.0,36.0
-15.09,-144.69,788.16,7.46,309.7,NW,-68.4,17.0,37.0,25.0,-31.0,24.0,57.0,4.0,21.0,46.0
-14.5,-144.82,788.06,7.46,310.3,NW,-68.1,17.0,37.0,20.0,-31.0,5.0,17.0,4.0,21.0,57.0
-13.9,-144.96,787.96,7.46,311.0,NW,-67.9,17.0,37.0,15.0,-30.0,45.0,38.0,4.0,22.0,7.0
-13.31,-145.09,787.86,7.46,311.6,NW,-67.7,17.0,37.0,9.0,-30.0,25.0,59.0,4.0,22.0,17.0
-12.72,-145.23,787.77,7.46,312.2,NW,-67.4,17.0,37.0,4.0,-30.0,6.0,20.0,4.0,22.0,27.0
-12.13,-145.36,787.67,7.46,312.9,NW,-67.2,17.0,36.0,58.0,-29.0,46.0,41.0,4.0,22.0,37.0
-11.53,-145.5,787.59,7.46,313.5,NW,-67.0,17.0,36.0,52.0,-29.0,27.0,2.0,4.0,22.0,47.0
-10.94,-145.63,787.5,7.46,314.1,NW,-66.7,17.0,36.0,46.0,-29.0,7.0,23.0,4.0,22.0,57.0
-10.35,-145.76,787.42,7.46,314.7,NW,-66.5,17.0,36.0,40.0,-28.0,47.0,44.0,4.0,23.0,7.0
-9.75,-145.9,787.34,7.46,315.2,NW,-66.3,17.0,36.0,34.0,-28.0,28.0,5.0,4.0,23.0,17.0
-9.16,-146.03,787.26,7.46,315.8,NW,-66.0,17.0,36.0,27.0,-28.0,8.0,27.0,4.0,23.0,27.0
-8.57,-146.16,787.19,7.46,316.4,NW,-65.8,17.0,36.0,20.0,-27.0,48.0,48.0,4.0,23.0,37.0
-7.98,-146.29,787.12,7.46,316.9,NW,-65.5,17.0,36.0,13.0,-27.0,29.0,9.0,4.0,23.0,47.0
-7.38,-146.42,787.05,7.46,317.5,NW,-65.3,17.0,36.0,6.0,-27.0,9.0,31.0,4.0,23.0,57.0
-6.79,-146.55,786.99,7.46,318.0,NW,-65.1,17.0,35.0,59.0,-26.0,49.0,52.0,4.0,24.0,7.0
-6.14,-146.7,786.92,7.46,318.6,NW,-64.8,17.0,35.0,51.0,-26.0,28.0,15.0,4.0,24.0,18.0
-5.54,-146.83,786.86,7.46,319.1,NW,-64.5,17.0,35.0,43.0,-26.0,8.0,37.0,4.0,24.0,28.0
-4.95,-146.96,786.81,7.46,319.6,NW,-64.3,17.0,35.0,35.0,-25.0,48.0,58.0,4.0,24.0,38.0
-4.36,-147.09,786.76,7.46,320.1,NW,-64.0,17.0,35.0,28.0,-25.0,29.0,20.0,4.0,24.0,48.0
-3.76,-147.22,786.71,7.46,320.6,NW,-63.8,17.0,35.0,19.0,-25.0,9.0,41.0,4.0,24.0,58.0
-3.17,-147.35,786.67,7.46,321.1,NW,-63.5,17.0,35.0,11.0,-24.0,50.0,3.0,4.0,25.0,8.0
-2.58,-147.48,786.62,7.46,321.6,NW,-63.3,17.0,35.0,3.0,-24.0,30.0,25.0,4.0,25.0,18.0
-1.98,-147.61,786.59,7.46,322.1,NW,-63.0,17.0,34.0,54.0,-24.0,10.0,46.0,4.0,25.0,28.0
-1.39,-147.74,786.55,7.46,322.6,NW,-62.8,17.0,34.0,45.0,-23.0,51.0,8.0,4.0,25.0,38.0
-0.8,-147.87,786.52,7.46,323.0,NW,-62.5,17.0,34.0,36.0,-23.0,31.0,30.0,4.0,25.0,48.0
-0.2,-148.0,786.49,7.46,323.5,NW,-62.2,17.0,34.0,27.0,-23.0,11.0,51.0,4.0,25.0,58.0
0.39,-148.13,786.47,7.46,324.0,NW,-62.0,17.0,34.0,18.0,-22.0,52.0,13.0,4.0,26.0,8.0
0.98,-148.26,786.44,7.46,324.4,NW,-61.7,17.0,34.0,8.0,-22.0,32.0,35.0,4.0,26.0,18.0
1.58,-148.39,786.43,7.46,324.8,NW,-61.5,17.0,33.0,59.0,-22.0,12.0,56.0,4.0,26.0,28.0
2.23,-148.53,786.41,7.46,325.3,NW,-61.2,17.0,33.0,48.0,-21.0,51.0,20.0,4.0,26.0,39.0
2.82,-148.66,786.4,7.46,325.8,NW,-60.9,17.0,33.0,38.0,-21.0,31.0,42.0,4.0,26.0,49.0
3.42,-148.79,786.39,7.46,326.2,NW,-60.6,17.0,33.0,28.0,-21.0,12.0,4.0,4.0,26.0,59.0
4.01,-148.92,786.38,7.46,326.6,NW,-60.4,17.0,33.0,17.0,-20.0,52.0,25.0,4.0,27.0,9.0
4.6,-149.06,786.38,7.46,327.0,NW,-60.1,17.0,33.0,7.0,-20.0,32.0,47.0,4.0,27.0,19.0
5.2,-149.19,786.38,7.46,327.4,NW,-59.8,17.0,32.0,56.0,-20.0,13.0,9.0,4.0,27.0,29.0
5.79,-149.32,786.39,7.46,327.8,NW,-59.6,17.0,32.0,45.0,-19.0,53.0,30.0,4.0,27.0,39.0
6.38,-149.45,786.4,7.46,328.2,NW,-59.3,17.0,32.0,34.0,-19.0,33.0,52.0,4.0,27.0,49.0
6.98,-149.58,786.41,7.46,328.6,NW,-59.0,17.0,32.0,23.0,-19.0,14.0,14.0,4.0,28.0,0.0
7.63,-149.72,786.42,7.46,329.1,NW,-58.7,17.0,32.0,11.0,-18.0,52.0,37.0,4.0,28.0,11.0
8.22,-149.85,786.44,7.46,329.5,NW,-58.5,17.0,31.0,59.0,-18.0,32.0,59.0,4.0,28.0,21.0
8.81,-149.99,786.46,7.46,329.8,NW,-58.2,17.0,31.0,47.0,-18.0,13.0,21.0,4.0,28.0,31.0
9.41,-150.12,786.49,7.46,330.2,NNW,-57.9,17.0,31.0,35.0,-17.0,53.0,42.0,4.0,28.0,41.0
10.0,-150.25,786.51,7.46,330.6,NNW,-57.7,17.0,31.0,23.0,-17.0,34.0,4.0,4.0,28.0,51.0
10.59,-150.38,786.54,7.46,331.0,NNW,-57.4,17.0,31.0,11.0,-17.0,14.0,25.0,4.0,29.0,1.0
11.19,-150.52,786.58,7.46,331.3,NNW,-57.1,17.0,30.0,58.0,-16.0,54.0,47.0,4.0,29.0,11.0
11.78,-150.65,786.61,7.46,331.7,NNW,-56.8,17.0,30.0,46.0,-16.0,35.0,8.0,4.0,29.0,21.0
12.37,-150.79,786.65,7.46,332.1,NNW,-56.5,17.0,30.0,33.0,-16.0,15.0,30.0,4.0,29.0,31.0
12.96,-150.92,786.69,7.46,332.4,NNW,-56.3,17.0,30.0,20.0,-15.0,55.0,51.0,4.0,29.0,42.0
13.56,-151.05,786.74,7.46,332.8,NNW,-56.0,17.0,30.0,6.0,-15.0,36.0,12.0,4.0,29.0,52.0
14.15,-151.19,786.79,7.46,333.1,NNW,-55.7,17.0,29.0,53.0,-15.0,16.0,34.0,4.0,30.0,2.0
14.74,-151.33,786.84,7.46,333.5,NNW,-55.4,17.0,29.0,39.0,-14.0,56.0,55.0,4.0,30.0,12.0
15.34,-151.46,786.89,7.46,333.8,NNW,-55.2,17.0,29.0,26.0,-14.0,37.0,16.0,4.0,30.0,22.0
15.93,-151.6,786.95,7.46,334.2,NNW,-54.9,17.0,29.0,11.0,-14.0,17.0,37.0,4.0,30.0,32.0
16.52,-151.74,787.01,7.46,334.5,NNW,-54.6,17.0,28.0,57.0,-13.0,57.0,58.0,4.0,30.0,42.0
17.11,-151.87,787.07,7.46,334.8,NNW,-54.3,17.0,28.0,43.0,-13.0,38.0,19.0,4.0,30.0,52.0
17.7,-152.01,787.14,7.46,335.2,NNW,-54.0,17.0,28.0,28.0,-13.0,18.0,40.0,4.0,31.0,2.0
18.3,-152.15,787.2,7.46,335.5,NNW,-53.8,17.0,28.0,13.0,-12.0,59.0,1.0,4.0,31.0,12.0
18.89,-152.29,787.27,7.46,335.8,NNW,-53.5,17.0,27.0,58.0,-12.0,39.0,22.0,4.0,31.0,22.0
19.48,-152.43,787.35,7.46,336.1,NNW,-53.2,17.0,27.0,43.0,-12.0,19.0,43.0,4.0,31.0,32.0
20.07,-152.57,787.42,7.46,336.5,NNW,-52.9,17.0,27.0,28.0,-12.0,0.0,4.0,4.0,31.0,42.0
20.66,-152.72,787.5,7.46,336.8,NNW,-52.6,17.0,27.0,12.0,-11.0,40.0,24.0,4.0,31.0,52.0
21.32,-152.87,787.59,7.46,337.1,NNW,-52.3,17.0,26.0,55.0,-11.0,18.0,47.0,4.0,32.0,3.0
21.91,-153.02,787.67,7.46,337.5,NNW,-52.0,17.0,26.0,38.0,-10.0,59.0,7.0,4.0,32.0,13.0
22.5,-153.16,787.75,7.46,337.8,NNW,-51.7,17.0,26.0,22.0,-10.0,39.0,28.0,4.0,32.0,23.0
23.09,-153.31,787.84,7.46,338.1,NNW,-51.4,17.0,26.0,6.0,-10.0,19.0,48.0,4.0,32.0,33.0
23.68,-153.45,787.93,7.46,338.4,NNW,-51.2,17.0,25.0,49.0,-10.0,0.0,9.0,4.0,32.0,43.0
24.27,-153.6,788.02,7.46,338.7,NNW,-50.9,17.0,25.0,32.0,-9.0,40.0,29.0,4.0,32.0,53.0
24.86,-153.75,788.12,7.46,339.0,NNW,-50.6,17.0,25.0,15.0,-9.0,20.0,49.0,4.0,33.0,3.0
25.45,-153.9,788.21,7.46,339.3,NNW,-50.3,17.0,24.0,57.0,-9.0,1.0,9.0,4.0,33.0,13.0
26.04,-154.05,788.31,7.46,339.6,NNW,-50.0,17.0,24.0,39.0,-8.0,41.0,29.0,4.0,33.0,23.0
26.64,-154.2,788.41,7.46,339.9,NNW,-49.7,17.0,24.0,21.0,-8.0,21.0,49.0,4.0,33.0,33.0
27.23,-154.35,788.51,7.46,340.2,NNW,-49.4,17.0,24.0,3.0,-8.0,2.0,8.0,4.0,33.0,43.0
27.82,-154.5,788.61,7.46,340.5,NNW,-49.1,17.0,23.0,45.0,-7.0,42.0,28.0,4.0,33.0,53.0
28.41,-154.66,788.72,7.46,340.8,NNW,-48.8,17.0,23.0,26.0,-7.0,22.0,48.0,4.0,34.0,4.0
29.0,-154.82,788.83,7.46,341.1,NNW,-48.5,17.0,23.0,7.0,-7.0,3.0,7.0,4.0,34.0,14.0
29.59,-154.97,788.93,7.46,341.4,NNW,-48.3,17.0,22.0,48.0,-6.0,43.0,26.0,4.0,34.0,24.0
30.23,-155.15,789.05,7.46,341.7,NNW,-47.9,17.0,22.0,27.0,-6.0,21.0,48.0,4.0,34.0,34.0
30.82,-155.31,789.17,7.46,342.0,NNW,-47.6,17.0,22.0,7.0,-6.0,2.0,7.0,4.0,34.0,44.0
31.41,-155.47,789.28,7.46,342.2,NNW,-47.3,17.0,21.0,47.0,-5.0,42.0,26.0,4.0,34.0,54.0
32.0,-155.63,789.39,7.46,342.5,NNW,-47.1,17.0,21.0,27.0,-5.0,22.0,45.0,4.0,35.0,4.0
32.59,-155.8,789.51,7.46,342.8,NNW,-46.8,17.0,21.0,6.0,-5.0,3.0,4.0,4.0,35.0,14.0
33.18,-155.96,789.63,7.46,343.1,NNW,-46.5,17.0,20.0,45.0,-4.0,43.0,22.0,4.0,35.0,25.0
33.77,-156.13,789.74,7.46,343.4,NNW,-46.2,17.0,20.0,24.0,-4.0,23.0,41.0,4.0,35.0,35.0
34.36,-156.3,789.86,7.46,343.7,NNW,-45.9,17.0,20.0,3.0,-4.0,4.0,0.0,4.0,35.0,45.0
34.95,-156.47,789.98,7.46,343.9,NNW,-45.6,17.0,19.0,41.0,-3.0,44.0,18.0,4.0,35.0,55.0
35.53,-156.65,790.1,7.46,344.2,NNW,-45.3,17.0,19.0,19.0,-3.0,24.0,36.0,4.0,36.0,5.0
36.12,-156.82,790.22,7.46,344.5,NNW,-45.0,17.0,18.0,57.0,-3.0,4.0,55.0,4.0,36.0,15.0
36.71,-157.0,790.35,7.46,344.8,NNW,-44.7,17.0,18.0,35.0,-2.0,45.0,13.0,4.0,36.0,25.0
37.3,-157.18,790.47,7.46,345.0,NNW,-44.4,17.0,18.0,12.0,-2.0,25.0,31.0,4.0,36.0,35.0
37.88,-157.36,790.59,7.46,345.3,N,-44.1,17.0,17.0,49.0,-2.0,5.0,49.0,4.0,36.0,45.0
38.53,-157.56,790.73,7.46,345.6,N,-43.8,17.0,17.0,23.0,-1.0,44.0,8.0,4.0,36.0,56.0
39.12,-157.75,790.86,7.46,345.9,N,-43.5,17.0,16.0,59.0,-1.0,24.0,26.0,4.0,37.0,6.0
39.7,-157.94,790.98,7.46,346.1,N,-43.2,17.0,16.0,35.0,-1.0,4.0,43.0,4.0,37.0,16.0
40.29,-158.13,791.11,7.46,346.4,N,-42.9,17.0,16.0,10.0,0.0,14.0,58.0,4.0,37.0,26.0
40.88,-158.33,791.23,7.46,346.7,N,-42.6,17.0,15.0,45.0,0.0,34.0,41.0,4.0,37.0,36.0
41.46,-158.52,791.36,7.46,346.9,N,-42.3,17.0,15.0,20.0,0.0,54.0,24.0,4.0,37.0,46.0
42.05,-158.72,791.49,7.46,347.2,N,-42.0,17.0,14.0,55.0,1.0,14.0,6.0,4.0,37.0,56.0
42.63,-158.92,791.61,7.46,347.5,N,-41.7,17.0,14.0,29.0,1.0,33.0,49.0,4.0,38.0,6.0
43.22,-159.13,791.74,7.46,347.7,N,-41.4,17.0,14.0,3.0,1.0,53.0,32.0,4.0,38.0,16.0
43.8,-159.34,791.86,7.46,348.0,N,-41.1,17.0,13.0,36.0,2.0,13.0,16.0,4.0,38.0,26.0
44.39,-159.55,791.99,7.46,348.3,N,-40.8,17.0,13.0,9.0,2.0,32.0,59.0,4.0,38.0,36.0
44.97,-159.77,792.12,7.46,348.5,N,-40.4,17.0,12.0,42.0,2.0,52.0,42.0,4.0,38.0,46.0
45.55,-159.99,792.24,7.46,348.8,N,-40.1,17.0,12.0,14.0,3.0,12.0,25.0,4.0,38.0,56.0
46.14,-160.21,792.37,7.46,349.1,N,-39.8,17.0,11.0,46.0,3.0,32.0,9.0,4.0,39.0,6.0
46.72,-160.43,792.49,7.46,349.3,N,-39.5,17.0,11.0,17.0,3.0,51.0,52.0,4.0,39.0,16.0
47.3,-160.66,792.62,7.46,349.6,N,-39.2,17.0,10.0,48.0,4.0,11.0,36.0,4.0,39.0,26.0
47.94,-160.92,792.75,7.46,349.9,N,-38.9,17.0,10.0,16.0,4.0,33.0,18.0,4.0,39.0,36.0
48.52,-161.16,792.87,7.46,350.1,N,-38.6,17.0,9.0,46.0,4.0,53.0,2.0,4.0,39.0,47.0
49.1,-161.41,793.0,7.46,350.4,N,-38.3,17.0,9.0,15.0,5.0,12.0,46.0,4.0,39.0,57.0
49.69,-161.66,793.12,7.46,350.7,N,-38.0,17.0,8.0,45.0,5.0,32.0,29.0,4.0,40.0,7.0
50.27,-161.91,793.24,7.46,350.9,N,-37.7,17.0,8.0,13.0,5.0,52.0,13.0,4.0,40.0,18.0
50.85,-162.17,793.36,7.46,351.2,N,-37.4,17.0,7.0,42.0,6.0,11.0,57.0,4.0,40.0,28.0
51.43,-162.43,793.47,7.46,351.5,N,-37.1,17.0,7.0,10.0,6.0,31.0,41.0,4.0,40.0,38.0
52.0,-162.7,793.59,7.46,351.7,N,-36.7,17.0,6.0,37.0,6.0,51.0,25.0,4.0,40.0,48.0
52.58,-162.98,793.71,7.46,352.0,N,-36.4,17.0,6.0,4.0,7.0,11.0,9.0,4.0,40.0,58.0
53.16,-163.26,793.82,7.46,352.2,N,-36.1,17.0,5.0,30.0,7.0,30.0,53.0,4.0,41.0,8.0
53.74,-163.55,793.93,7.45,352.5,N,-35.8,17.0,4.0,56.0,7.0,50.0,37.0,4.0,41.0,18.0
54.31,-163.85,794.05,7.45,352.8,N,-35.5,17.0,4.0,21.0,8.0,10.0,21.0,4.0,41.0,28.0
54.89,-164.15,794.16,7.45,353.0,N,-35.2,17.0,3.0,46.0,8.0,30.0,4.0,4.0,41.0,38.0
55.47,-164.46,794.26,7.45,353.3,N,-34.9,17.0,3.0,10.0,8.0,49.0,48.0,4.0,41.0,48.0
56.04,-164.78,794.37,7.45,353.6,N,-34.6,17.0,2.0,34.0,9.0,9.0,32.0,4.0,41.0,58.0
56.67,-165.14,794.49,7.45,353.9,N,-34.2,17.0,1.0,53.0,9.0,31.0,14.0,4.0,42.0,9.0
57.25,-165.47,794.59,7.45,354.1,N,-33.9,17.0,1.0,16.0,9.0,50.0,57.0,4.0,42.0,19.0
57.82,-165.82,794.69,7.45,354.4,N,-33.6,17.0,0.0,38.0,10.0,10.0,40.0,4.0,42.0,29.0
58.39,-166.18,794.79,7.45,354.7,N,-33.3,16.0,59.0,59.0,10.0,30.0,24.0,4.0,42.0,39.0
58.96,-166.54,794.89,7.45,354.9,N,-33.0,16.0,59.0,20.0,10.0,50.0,7.0,4.0,42.0,49.0
59.53,-166.92,794.98,7.45,355.2,N,-32.7,16.0,58.0,40.0,11.0,9.0,49.0,4.0,42.0,59.0
60.1,-167.31,795.08,7.45,355.5,N,-32.3,16.0,57.0,59.0,11.0,29.0,32.0,4.0,43.0,9.0
60.67,-167.71,795.17,7.45,355.7,N,-32.0,16.0,57.0,18.0,11.0,49.0,14.0,4.0,43.0,19.0
61.24,-168.12,795.26,7.45,356.0,N,-31.7,16.0,56.0,36.0,12.0,8.0,56.0,4.0,43.0,29.0
61.8,-168.55,795.35,7.45,356.3,N,-31.4,16.0,55.0,53.0,12.0,28.0,38.0,4.0,43.0,39.0
62.37,-168.99,795.43,7.45,356.5,N,-31.1,16.0,55.0,9.0,12.0,48.0,19.0,4.0,43.0,49.0
62.93,-169.45,795.51,7.45,356.8,N,-30.8,16.0,54.0,25.0,13.0,8.0,0.0,4.0,43.0,59.0
63.49,-169.92,795.59,7.45,357.1,N,-30.4,16.0,53.0,40.0,13.0,27.0,41.0,4.0,44.0,9.0
64.05,-170.41,795.67,7.45,357.4,N,-30.1,16.0,52.0,55.0,13.0,47.0,21.0,4.0,44.0,19.0
64.67,-170.97,795.75,7.45,357.7,N,-29.8,16.0,52.0,4.0,14.0,8.0,59.0,4.0,44.0,30.0
65.23,-171.5,795.82,7.45,357.9,N,-29.4,16.0,51.0,16.0,14.0,28.0,38.0,4.0,44.0,40.0
65.78,-172.05,795.89,7.45,358.2,N,-29.1,16.0,50.0,28.0,14.0,48.0,17.0,4.0,44.0,50.0
66.34,-172.62,795.96,7.45,358.5,N,-28.8,16.0,49.0,39.0,15.0,7.0,55.0,4.0,45.0,0.0
66.89,-173.22,796.02,7.45,358.8,N,-28.5,16.0,48.0,49.0,15.0,27.0,32.0,4.0,45.0,10.0
67.44,-173.84,796.08,7.45,359.1,N,-28.2,16.0,47.0,58.0,15.0,47.0,9.0,4.0,45.0,20.0
67.99,-174.49,796.14,7.45,359.4,N,-27.8,16.0,47.0,7.0,16.0,6.0,45.0,4.0,45.0,30.0
68.53,-175.17,796.2,7.45,359.6,N,-27.5,16.0,46.0,14.0,16.0,26.0,20.0,4.0,45.0,40.0
69.08,-175.88,796.25,7.45,359.9,N,-27.2,16.0,45.0,21.0,16.0,45.0,54.0,4.0,45.0,50.0
69.62,-176.63,796.3,7.45,0.2,N,-26.9,16.0,44.0,26.0,17.0,5.0,27.0,4.0,46.0,0.0
70.15,-177.41,796.34,7.45,0.5,N,-26.5,16.0,43.0,31.0,17.0,24.0,59.0,4.0,46.0,10.0
70.69,-178.23,796.39,7.45,0.8,N,-26.2,16.0,42.0,34.0,17.0,44.0,30.0,4.0,46.0,21.0
71.22,-179.09,796.43,7.45,1.1,N,-25.9,16.0,41.0,36.0,18.0,4.0,0.0,4.0,46.0,31.0
71.74,180.0,796.46,7.45,1.4,N,-25.5,16.0,40.0,38.0,18.0,23.0,29.0,4.0,46.0,41.0
72.27,179.04,796.5,7.45,1.7,N,-25.2,16.0,39.0,38.0,18.0,42.0,56.0,4.0,46.0,51.0
72.84,177.92,796.53,7.45,2.0,N,-24.9,16.0,38.0,31.0,19.0,4.0,18.0,4.0,47.0,2.0
73.35,176.85,796.56,7.45,2.3,N,-24.5,16.0,37.0,28.0,19.0,23.0,42.0,4.0,47.0,12.0
73.86,175.71,796.58,7.45,2.6,N,-24.2,16.0,36.0,25.0,19.0,43.0,5.0,4.0,47.0,22.0
74.36,174.5,796.6,7.45,2.9,N,-23.9,16.0,35.0,20.0,20.0,2.0,25.0,4.0,47.0,32.0
74.85,173.22,796.62,7.45,3.3,N,-23.5,16.0,34.0,14.0,20.0,21.0,44.0,4.0,47.0,42.0
75.34,171.85,796.63,7.45,3.6,N,-23.2,16.0,33.0,7.0,20.0,41.0,1.0,4.0,47.0,52.0
75.82,170.4,796.64,7.45,3.9,N,-22.9,16.0,31.0,58.0,21.0,0.0,16.0,4.0,48.0,2.0
76.29,168.85,796.65,7.45,4.2,N,-22.5,16.0,30.0,48.0,21.0,19.0,28.0,4.0,48.0,12.0
76.75,167.2,796.65,7.45,4.5,N,-22.2,16.0,29.0,36.0,21.0,38.0,38.0,4.0,48.0,22.0
77.2,165.44,796.65,7.45,4.9,N,-21.8,16.0,28.0,23.0,21.0,57.0,45.0,4.0,48.0,32.0
77.64,163.55,796.65,7.45,5.2,N,-21.5,16.0,27.0,9.0,22.0,16.0,49.0,4.0,48.0,42.0
78.06,161.54,796.64,7.45,5.5,N,-21.2,16.0,25.0,53.0,22.0,35.0,51.0,4.0,48.0,52.0
78.47,159.38,796.63,7.45,5.9,N,-20.8,16.0,24.0,35.0,22.0,54.0,49.0,4.0,49.0,2.0
78.87,157.07,796.62,7.45,6.2,N,-20.5,16.0,23.0,16.0,23.0,13.0,44.0,4.0,49.0,12.0
79.24,154.61,796.6,7.45,6.5,N,-20.1,16.0,21.0,55.0,23.0,32.0,36.0,4.0,49.0,22.0
79.6,151.97,796.58,7.45,6.9,N,-19.8,16.0,20.0,32.0,23.0,51.0,23.0,4.0,49.0,32.0
79.96,148.87,796.55,7.45,7.3,N,-19.4,16.0,18.0,59.0,24.0,11.0,59.0,4.0,49.0,43.0
80.27,145.86,796.52,7.45,7.6,N,-19.1,16.0,17.0,32.0,24.0,30.0,38.0,4.0,49.0,53.0
80.54,142.67,796.49,7.45,8.0,N,-18.7,16.0,16.0,4.0,24.0,49.0,12.0,4.0,50.0,3.0
80.79,139.3,796.45,7.45,8.4,N,-18.4,16.0,14.0,34.0,25.0,7.0,41.0,4.0,50.0,13.0
81.01,135.76,796.41,7.45,8.7,N,-18.0,16.0,13.0,1.0,25.0,26.0,5.0,4.0,50.0,23.0
81.19,132.06,796.37,7.45,9.1,N,-17.7,16.0,11.0,27.0,25.0,44.0,24.0,4.0,50.0,33.0
81.34,128.23,796.32,7.45,9.5,N,-17.3,16.0,9.0,50.0,26.0,2.0,36.0,4.0,50.0,43.0
81.44,124.28,796.27,7.45,9.9,N,-17.0,16.0,8.0,11.0,26.0,20.0,43.0,4.0,50.0,53.0
81.51,120.26,796.22,7.45,10.2,N,-16.6,16.0,6.0,30.0,26.0,38.0,42.0,4.0,51.0,3.0
81.54,116.19,796.16,7.45,10.6,N,-16.3,16.0,4.0,46.0,26.0,56.0,35.0,4.0,51.0,13.0
81.52,112.11,796.1,7.45,11.0,N,-15.9,16.0,3.0,0.0,27.0,14.0,20.0,4.0,51.0,23.0
81.46,108.07,796.03,7.45,11.4,N,-15.6,16.0,1.0,12.0,27.0,31.0,57.0,4.0,51.0,33.0
81.37,104.1,795.96,7.45,11.9,N,-15.2,15.0,59.0,21.0,27.0,49.0,25.0,4.0,51.0,43.0
81.23,100.24,795.89,7.45,12.3,N,-14.9,15.0,57.0,27.0,28.0,6.0,45.0,4.0,51.0,53.0
81.06,96.5,795.81,7.45,12.7,N,-14.5,15.0,55.0,31.0,28.0,23.0,55.0,4.0,52.0,3.0
80.85,92.92,795.74,7.45,13.1,N,-14.1,15.0,53.0,32.0,28.0,40.0,54.0,4.0,52.0,13.0
80.61,89.51,795.65,7.45,13.6,N,-13.8,15.0,51.0,30.0,28.0,57.0,43.0,4.0,52.0,24.0
80.34,86.27,795.57,7.45,14.0,N,-13.4,15.0,49.0,25.0,29.0,14.0,20.0,4.0,52.0,34.0
80.04,83.22,795.48,7.45,14.5,N,-13.0,15.0,47.0,17.0,29.0,30.0,44.0,4.0,52.0,44.0
79.68,80.06,795.37,7.45,15.0,N,-12.6,15.0,44.0,52.0,29.0,48.0,32.0,4.0,52.0,55.0
79.33,77.38,795.28,7.45,15.4,NNE,-12.3,15.0,42.0,37.0,30.0,4.0,28.0,4.0,53.0,5.0
78.96,74.87,795.17,7.45,15.9,NNE,-11.9,15.0,40.0,19.0,30.0,20.0,9.0,4.0,53.0,15.0
78.57,72.53,795.07,7.45,16.4,NNE,-11.5,15.0,37.0,57.0,30.0,35.0,34.0,4.0,53.0,25.0
78.17,70.33,794.96,7.45,16.9,NNE,-11.2,15.0,35.0,32.0,30.0,50.0,43.0,4.0,53.0,35.0
77.74,68.28,794.85,7.45,17.4,NNE,-10.8,15.0,33.0,3.0,31.0,5.0,33.0,4.0,53.0,45.0
77.31,66.36,794.74,7.45,17.9,NNE,-10.4,15.0,30.0,30.0,31.0,20.0,5.0,4.0,53.0,55.0
76.86,64.57,794.62,7.45,18.4,NNE,-10.0,15.0,27.0,54.0,31.0,34.0,16.0,4.0,54.0,5.0
76.4,62.89,794.5,7.45,19.0,NNE,-9.6,15.0,25.0,13.0,31.0,48.0,5.0,4.0,54.0,15.0
75.94,61.32,794.38,7.45,19.5,NNE,-9.3,15.0,22.0,28.0,32.0,1.0,31.0,4.0,54.0,25.0
75.41,59.7,794.24,7.45,20.1,NNE,-8.8,15.0,19.0,22.0,32.0,15.0,50.0,4.0,54.0,35.0
74.92,58.32,794.1,7.45,20.7,NNE,-8.5,15.0,16.0,29.0,32.0,28.0,24.0,4.0,54.0,45.0
74.43,57.03,793.97,7.45,21.3,NNE,-8.1,15.0,13.0,30.0,32.0,40.0,29.0,4.0,54.0,55.0
73.93,55.81,793.83,7.46,21.9,NNE,-7.7,15.0,10.0,28.0,32.0,52.0,5.0,4.0,55.0,5.0
73.42,54.66,793.69,7.46,22.5,NNE,-7.3,15.0,7.0,20.0,33.0,3.0,10.0,4.0,55.0,15.0
72.91,53.57,793.55,7.46,23.1,NNE,-6.9,15.0,4.0,8.0,33.0,13.0,42.0,4.0,55.0,25.0
72.39,52.54,793.4,7.46,23.7,NNE,-6.5,15.0,0.0,51.0,33.0,23.0,38.0,4.0,55.0,35.0
71.87,51.57,793.26,7.46,24.4,NNE,-6.1,14.0,57.0,28.0,33.0,32.0,56.0,4.0,55.0,45.0
71.35,50.65,793.1,7.46,25.0,NNE,-5.7,14.0,54.0,1.0,33.0,41.0,35.0,4.0,55.0,55.0
70.81,49.78,792.95,7.46,25.7,NNE,-5.3,14.0,50.0,28.0,33.0,49.0,31.0,4.0,56.0,5.0
70.28,48.95,792.79,7.46,26.4,NNE,-4.9,14.0,46.0,50.0,33.0,56.0,42.0,4.0,56.0,15.0
69.74,48.15,792.63,7.46,27.1,NNE,-4.5,14.0,43.0,7.0,34.0,3.0,6.0,4.0,56.0,25.0
69.2,47.4,792.47,7.46,27.9,NNE,-4.1,14.0,39.0,18.0,34.0,8.0,39.0,4.0,56.0,35.0
68.66,46.68,792.3,7.46,28.6,NNE,-3.7,14.0,35.0,24.0,34.0,13.0,19.0,4.0,56.0,45.0
68.06,45.93,792.12,7.46,29.4,NNE,-3.3,14.0,30.0,59.0,34.0,17.0,21.0,4.0,56.0,56.0
67.51,45.27,791.95,7.46,30.2,NE,-2.9,14.0,26.0,53.0,34.0,19.0,58.0,4.0,57.0,6.0
66.96,44.64,791.78,7.46,31.0,NE,-2.5,14.0,22.0,40.0,34.0,21.0,30.0,4.0,57.0,16.0
66.41,44.04,791.6,7.46,31.9,NE,-2.1,14.0,18.0,22.0,34.0,21.0,56.0,4.0,57.0,27.0
65.85,43.47,791.42,7.46,32.7,NE,-1.6,14.0,13.0,58.0,34.0,21.0,10.0,4.0,57.0,37.0
65.3,42.91,791.24,7.46,33.6,NE,-1.2,14.0,9.0,29.0,34.0,19.0,9.0,4.0,57.0,47.0
64.74,42.38,791.06,7.46,34.5,NE,-0.8,14.0,4.0,53.0,34.0,15.0,49.0,4.0,57.0,57.0
64.18,41.87,790.88,7.46,35.4,NE,-0.4,14.0,0.0,12.0,34.0,11.0,6.0,4.0,58.0,7.0
63.62,41.37,790.69,7.46,36.4,NE,0.0,13.0,55.0,25.0,34.0,4.0,54.0,4.0,58.0,17.0
63.06,40.89,790.5,7.46,37.3,NE,0.4,13.0,50.0,32.0,33.0,57.0,11.0,4.0,58.0,27.0
62.49,40.43,790.31,7.46,38.3,NE,0.8,13.0,45.0,34.0,33.0,47.0,51.0,4.0,58.0,38.0
61.93,39.99,790.12,7.46,39.4,NE,1.2,13.0,40.0,30.0,33.0,36.0,50.0,4.0,58.0,48.0
61.36,39.56,789.93,7.46,40.4,NE,1.6,13.0,35.0,21.0,33.0,24.0,4.0,4.0,58.0,58.0
60.79,39.14,789.73,7.46,41.5,NE,2.0,13.0,30.0,7.0,33.0,9.0,26.0,4.0,59.0,8.0
60.22,38.74,789.54,7.46,42.6,NE,2.4,13.0,24.0,48.0,32.0,52.0,54.0,4.0,59.0,18.0
59.65,38.35,789.34,7.46,43.8,NE,2.8,13.0,19.0,24.0,32.0,34.0,22.0,4.0,59.0,28.0
59.08,37.97,789.14,7.46,44.9,NE,3.2,13.0,13.0,56.0,32.0,13.0,46.0,4.0,59.0,37.0
58.45,37.56,788.92,7.46,46.3,NE,3.7,13.0,7.0,51.0,31.0,48.0,38.0,4.0,59.0,48.0
57.88,37.2,788.71,7.46,47.5,NE,4.1,13.0,2.0,14.0,31.0,23.0,27.0,4.0,59.0,58.0
57.31,36.86,788.51,7.46,48.8,NE,4.5,12.0,56.0,35.0,30.0,56.0,0.0,5.0,0.0,8.0
56.73,36.52,788.3,7.46,50.1,NE,4.8,12.0,50.0,52.0,30.0,26.0,11.0,5.0,0.0,18.0
56.16,36.19,788.1,7.46,51.5,NE,5.2,12.0,45.0,6.0,29.0,53.0,58.0,5.0,0.0,29.0
55.58,35.87,787.89,7.46,52.8,NE,5.6,12.0,39.0,18.0,29.0,19.0,18.0,5.0,0.0,39.0
55.01,35.56,787.68,7.46,54.2,NE,5.9,12.0,33.0,28.0,28.0,42.0,8.0,5.0,0.0,49.0
54.43,35.25,787.47,7.46,55.7,NE,6.3,12.0,27.0,37.0,28.0,2.0,27.0,5.0,0.0,59.0
53.85,34.95,787.26,7.46,57.2,NE,6.6,12.0,21.0,45.0,27.0,20.0,12.0,5.0,1.0,9.0
53.27,34.66,787.05,7.46,58.7,NE,6.9,12.0,15.0,52.0,26.0,35.0,24.0,5.0,1.0,19.0
52.69,34.38,786.84,7.46,60.3,ENE,7.2,12.0,10.0,0.0,25.0,48.0,1.0,5.0,1.0,29.0
52.11,34.1,786.63,7.46,61.8,ENE,7.5,12.0,4.0,7.0,24.0,58.0,4.0,5.0,1.0,39.0
51.53,33.83,786.42,7.46,63.5,ENE,7.8,11.0,58.0,16.0,24.0,5.0,35.0,5.0,1.0,49.0
50.95,33.56,786.2,7.46,65.1,ENE,8.1,11.0,52.0,25.0,23.0,10.0,36.0,5.0,1.0,59.0
50.37,33.3,785.99,7.46,66.8,ENE,8.3,11.0,46.0,37.0,22.0,13.0,10.0,5.0,2.0,9.0
49.79,33.05,785.78,7.46,68.5,ENE,8.5,11.0,40.0,50.0,21.0,13.0,20.0,5.0,2.0,19.0
49.21,32.8,785.56,7.46,70.2,ENE,8.8,11.0,35.0,6.0,20.0,11.0,12.0,5.0,2.0,29.0
48.63,32.55,785.35,7.46,72.0,ENE,8.9,11.0,29.0,26.0,19.0,6.0,50.0,5.0,2.0,39.0
47.99,32.29,785.11,7.46,74.0,ENE,9.1,11.0,23.0,14.0,17.0,53.0,36.0,5.0,2.0,50.0
47.4,32.05,784.9,7.46,75.8,E,9.3,11.0,17.0,41.0,16.0,44.0,55.0,5.0,3.0,0.0
46.82,31.82,784.69,7.46,77.6,E,9.4,11.0,12.0,11.0,15.0,34.0,24.0,5.0,3.0,10.0
46.23,31.59,784.47,7.46,79.4,E,9.5,11.0,6.0,46.0,14.0,22.0,9.0,5.0,3.0,20.0
45.65,31.37,784.26,7.46,81.2,E,9.5,11.0,1.0,26.0,13.0,8.0,20.0,5.0,3.0,30.0
45.07,31.15,784.05,7.46,83.1,E,9.6,10.0,56.0,10.0,11.0,53.0,8.0,5.0,3.0,40.0
44.48,30.93,783.84,7.46,84.9,E,9.6,10.0,50.0,59.0,10.0,36.0,41.0,5.0,3.0,50.0
43.89,30.72,783.63,7.46,86.8,E,9.6,10.0,45.0,54.0,9.0,19.0,10.0,5.0,4.0,0.0
43.31,30.51,783.42,7.46,88.7,E,9.5,10.0,40.0,53.0,8.0,0.0,46.0,5.0,4.0,10.0
42.72,30.3,783.21,7.46,90.5,E,9.5,10.0,35.0,59.0,6.0,41.0,38.0,5.0,4.0,20.0
42.14,30.1,783.0,7.46,92.3,E,9.4,10.0,31.0,10.0,5.0,21.0,58.0,5.0,4.0,30.0
41.49,29.88,782.77,7.46,94.3,E,9.3,10.0,25.0,59.0,3.0,53.0,54.0,5.0,4.0,41.0
40.9,29.68,782.56,7.46,96.2,E,9.1,10.0,21.0,22.0,2.0,33.0,38.0,5.0,4.0,51.0
40.32,29.49,782.36,7.46,97.9,E,9.0,10.0,16.0,50.0,1.0,13.0,21.0,5.0,5.0,1.0
39.73,29.3,782.15,7.46,99.7,E,8.8,10.0,12.0,25.0,-1.0,6.0,48.0,5.0,5.0,11.0
39.14,29.11,781.95,7.46,101.5,E,8.6,10.0,8.0,6.0,-2.0,26.0,41.0,5.0,5.0,21.0
38.55,28.92,781.75,7.46,103.2,E,8.3,10.0,3.0,52.0,-3.0,46.0,10.0,5.0,5.0,31.0
37.96,28.74,781.55,7.46,104.9,E,8.1,9.0,59.0,44.0,-5.0,5.0,7.0,5.0,5.0,41.0
37.38,28.55,781.35,7.46,106.5,ESE,7.8,9.0,55.0,42.0,-6.0,23.0,25.0,5.0,5.0,51.0
36.79,28.37,781.15,7.46,108.2,ESE,7.5,9.0,51.0,46.0,-7.0,40.0,57.0,5.0,6.0,1.0
36.2,28.19,780.96,7.46,109.8,ESE,7.2,9.0,47.0,55.0,-8.0,57.0,39.0,5.0,6.0,11.0
35.61,28.02,780.77,7.46,111.4,ESE,6.9,9.0,44.0,10.0,-10.0,13.0,24.0,5.0,6.0,21.0
35.02,27.84,780.58,7.46,112.9,ESE,6.6,9.0,40.0,30.0,-11.0,28.0,10.0,5.0,6.0,31.0
34.43,27.67,780.39,7.46,114.4,ESE,6.3,9.0,36.0,56.0,-12.0,41.0,51.0,5.0,6.0,41.0
33.78,27.48,780.18,7.46,116.0,ESE,5.9,9.0,33.0,6.0,-14.0,1.0,37.0,5.0,6.0,52.0
33.19,27.32,779.99,7.46,117.4,ESE,5.5,9.0,29.0,43.0,-15.0,12.0,54.0,5.0,7.0,2.0
32.6,27.15,779.81,7.46,118.8,ESE,5.1,9.0,26.0,24.0,-16.0,23.0,0.0,5.0,7.0,12.0
32.01,26.98,779.63,7.46,120.2,SE,4.8,9.0,23.0,11.0,-17.0,31.0,52.0,5.0,7.0,22.0
31.42,26.82,779.45,7.46,121.5,SE,4.4,9.0,20.0,2.0,-18.0,39.0,29.0,5.0,7.0,32.0
30.83,26.66,779.28,7.46,122.8,SE,4.0,9.0,16.0,58.0,-19.0,45.0,52.0,5.0,7.0,42.0
30.24,26.5,779.1,7.46,124.0,SE,3.6,9.0,13.0,59.0,-20.0,51.0,0.0,5.0,7.0,52.0
29.64,26.34,778.93,7.46,125.3,SE,3.2,9.0,11.0,4.0,-21.0,54.0,52.0,5.0,8.0,2.0
29.05,26.18,778.76,7.46,126.5,SE,2.8,9.0,8.0,14.0,-22.0,57.0,29.0,5.0,8.0,12.0
28.46,26.02,778.6,7.46,127.6,SE,2.4,9.0,5.0,28.0,-23.0,58.0,53.0,5.0,8.0,22.0
27.87,25.87,778.44,7.46,128.7,SE,2.0,9.0,2.0,46.0,-24.0,59.0,3.0,5.0,8.0,32.0
27.28,25.71,778.28,7.46,129.8,SE,1.6,9.0,0.0,8.0,-25.0,58.0,0.0,5.0,8.0,42.0
26.68,25.56,778.12,7.46,130.9,SE,1.1,8.0,57.0,34.0,-26.0,55.0,47.0,5.0,8.0,52.0
26.09,25.41,777.96,7.46,131.9,SE,0.7,8.0,55.0,4.0,-27.0,52.0,24.0,5.0,9.0,2.0
25.5,25.26,777.81,7.46,132.9,SE,0.3,8.0,52.0,38.0,-28.0,47.0,53.0,5.0,9.0,12.0
24.91,25.11,777.67,7.46,133.9,SE,-0.1,8.0,50.0,15.0,-29.0,42.0,15.0,5.0,9.0,22.0
24.31,24.96,777.52,7.46,134.9,SE,-0.5,8.0,47.0,56.0,-30.0,35.0,32.0,5.0,9.0,32.0
23.66,24.8,777.37,7.46,135.9,SE,-1.0,8.0,45.0,27.0,-31.0,32.0,55.0,5.0,9.0,43.0
23.07,24.65,777.23,7.46,136.8,SE,-1.4,8.0,43.0,15.0,-32.0,24.0,1.0,5.0,9.0,53.0
22.48,24.51,777.09,7.46,137.6,SE,-1.8,8.0,41.0,6.0,-33.0,14.0,7.0,5.0,10.0,3.0
21.88,24.36,776.96,7.46,138.5,SE,-2.3,8.0,39.0,0.0,-34.0,3.0,15.0,5.0,10.0,13.0
21.29,24.22,776.84,7.46,139.3,SE,-2.7,8.0,36.0,57.0,-34.0,51.0,27.0,5.0,10.0,23.0
20.7,24.07,776.71,7.46,140.1,SE,-3.1,8.0,34.0,57.0,-35.0,38.0,44.0,5.0,10.0,33.0
20.1,23.93,776.59,7.46,140.9,SE,-3.5,8.0,33.0,0.0,-36.0,25.0,8.0,5.0,10.0,44.0
19.51,23.79,776.47,7.46,141.7,SE,-3.9,8.0,31.0,5.0,-37.0,10.0,42.0,5.0,10.0,54.0
18.92,23.65,776.36,7.46,142.4,SE,-4.3,8.0,29.0,14.0,-37.0,55.0,25.0,5.0,11.0,4.0
18.32,23.51,776.25,7.46,143.1,SE,-4.7,8.0,27.0,25.0,-38.0,39.0,21.0,5.0,11.0,14.0
17.73,23.37,776.15,7.46,143.8,SE,-5.1,8.0,25.0,38.0,-39.0,22.0,31.0,5.0,11.0,24.0
17.13,23.23,776.05,7.46,144.5,SE,-5.6,8.0,23.0,54.0,-40.0,4.0,56.0,5.0,11.0,34.0
16.54,23.09,775.95,7.46,145.2,SE,-6.0,8.0,22.0,13.0,-40.0,46.0,38.0,5.0,11.0,44.0
15.95,22.95,775.85,7.46,145.8,SE,-6.4,8.0,20.0,33.0,-41.0,27.0,39.0,5.0,11.0,54.0
15.35,22.82,775.76,7.46,146.5,SE,-6.8,8.0,18.0,56.0,-42.0,7.0,59.0,5.0,12.0,4.0
14.93,22.72,775.7,7.46,146.9,SE,-7.1,8.0,17.0,50.0,-42.0,35.0,50.0,5.0,15.0,37.0
